GENERATION_PROJECT,gen_dbid,gen_tech,gen_energy_source,gen_load_zone,gen_max_age,gen_is_variable,gen_is_flexible_baseload,gen_is_baseload,gen_can_provide_spinning_reserves,gen_ramp_rate_10min,gen_can_provide_quickstart_reserves,gen_full_load_heat_rate,gen_variable_om,gen_connect_cost_per_mw,gen_scheduled_outage_rate,gen_forced_outage_rate,gen_capacity_limit_mw,gen_min_build_capacity,gen_is_cogen,gen_storage_efficiency,gen_min_load_fraction,gen_is_pumped_hydro,gen_min_uptime,gen_min_downtime,gen_startup_om,gen_ccs_capture_efficiency,ccs_variable_om,gen_ccs_energy_load,gen_storage_energy_to_power_ratio,ccs_transport_cost,ccs_storage_cost
Beijing-Biomass,0,Biomass,Biomass,Beijing,35,False,True,False,True,0.2,False,13.1,5,300,0.15,0.05,.,.,False,.,0.4,False,8,8,70,0.92,3.3,0.3,.,5.0,5
Beijing-Coal,1,Coal,Coal,Beijing,40,False,True,False,True,0.2,False,7.955988900148692,5,300,0.25,0.05,.,.,False,.,0.7,False,8,8,150,0.92,2.2,0.17,.,5.0,5
Beijing-Gas,2,Gas,Gas,Beijing,20,False,False,False,True,0.7,True,6.86,2,300,0.65,0.0224,.,.,False,.,0.3,False,4,2,42,0.92,3.7,0.12,.,5.0,5
Beijing-Hydro_NonPumped,3,Hydro_NonPumped,Hydro,Beijing,80,False,False,False,True,1.0,True,.,0,300,0.094,0.051,735.8299999999999,.,False,.,0.3,False,.,.,.,.,.,.,.,5.0,5
Beijing-Hydro_Pumped,4,Hydro_Pumped,Hydro,Beijing,80,False,False,False,True,1.0,True,.,0,300,0.094,0.051,842.0,.,False,0.74,0.4,True,.,.,.,.,.,.,.,5.0,5
Beijing-Solar_Distributed,5,Solar_Distributed,Solar,Beijing,25,True,False,False,True,1.0,False,.,0,3000,0.0,0.02,37104.03972427306,.,False,.,0.0,False,.,.,.,.,.,.,.,5.0,5
Beijing-Solar_Utility,6,Solar_Utility,Solar,Beijing,25,True,False,False,True,1.0,False,.,0,3000,0.0,0.02,4904.03959227326,.,False,.,0.0,False,.,.,.,.,.,.,.,5.0,5
Beijing-Wind_Onshore,7,Wind_Onshore,Wind,Beijing,25,True,False,False,True,1.0,False,.,0,3000,0.0139,0.02,2523.23512952037,.,False,.,0.0,False,.,.,.,.,.,.,.,5.0,5
Beijing-Nuclear,8,Nuclear,Nuclear,Beijing,60,False,False,True,False,0.0,False,.,3,300,0.1112,0.0272,.,.,False,.,1.0,False,.,.,.,.,.,.,.,5.0,5
Beijing-CAS,11,CAS,Storage,Beijing,30,False,False,False,True,1.0,True,.,0,3000,0.0055,0.02,.,.,False,0.55,0.0,False,.,.,.,.,.,0,.,5.0,5
Beijing-Battery,12,Battery,Storage,Beijing,12,False,False,False,True,1.0,True,.,0,3000,0.0055,0.02,.,.,False,0.88,0.0,False,.,.,.,.,.,0,.,5.0,5
Tianjin-Biomass,13,Biomass,Biomass,Tianjin,35,False,True,False,True,0.2,False,13.1,5,300,0.15,0.05,.,.,False,.,0.4,False,8,8,70,0.92,3.3,0.3,.,0.8411223545960335,5
Tianjin-Coal,14,Coal,Coal,Tianjin,40,False,True,False,True,0.2,False,7.955988900148692,5,300,0.25,0.05,.,.,False,.,0.7,False,8,8,150,0.92,2.2,0.17,.,0.8411223545960335,5
Tianjin-Gas,15,Gas,Gas,Tianjin,20,False,False,False,True,0.7,True,6.86,2,300,0.65,0.0224,.,.,False,.,0.3,False,4,2,42,0.92,3.7,0.12,.,0.8411223545960335,5
Tianjin-Hydro_NonPumped,16,Hydro_NonPumped,Hydro,Tianjin,80,False,False,False,True,1.0,True,.,0,300,0.094,0.051,16.89,.,False,.,0.3,False,.,.,.,.,.,.,.,0.8411223545960335,5
Tianjin-Hydro_Pumped,17,Hydro_Pumped,Hydro,Tianjin,80,False,False,False,True,1.0,True,.,0,300,0.094,0.051,20.0,.,False,0.74,0.4,True,.,.,.,.,.,.,.,0.8411223545960335,5
Tianjin-Solar_Distributed,18,Solar_Distributed,Solar,Tianjin,25,True,False,False,True,1.0,False,.,0,3000,0.0,0.02,33811.569212225055,.,False,.,0.0,False,.,.,.,.,.,.,.,0.8411223545960335,5
Tianjin-Solar_Utility,19,Solar_Utility,Solar,Tianjin,25,True,False,False,True,1.0,False,.,0,3000,0.0,0.02,24596.09632234664,.,False,.,0.0,False,.,.,.,.,.,.,.,0.8411223545960335,5
Tianjin-Wind_Onshore,20,Wind_Onshore,Wind,Tianjin,25,True,False,False,True,1.0,False,.,0,3000,0.0139,0.02,1285.6978223490125,.,False,.,0.0,False,.,.,.,.,.,.,.,0.8411223545960335,5
Tianjin-Nuclear,21,Nuclear,Nuclear,Tianjin,60,False,False,True,False,0.0,False,.,3,300,0.1112,0.0272,.,.,False,.,1.0,False,.,.,.,.,.,.,.,0.8411223545960335,5
Tianjin-Wind_Offshore_Near,22,Wind_Offshore,Wind,Tianjin,25,True,False,False,True,1.0,False,.,0,3000,0.0139,0.02,5092.19524003114,.,False,.,0.0,False,.,.,.,.,.,.,.,0.8411223545960335,5
Tianjin-CAS,24,CAS,Storage,Tianjin,30,False,False,False,True,1.0,True,.,0,3000,0.0055,0.02,.,.,False,0.55,0.0,False,.,.,.,.,.,0,.,0.8411223545960335,5
Tianjin-Battery,25,Battery,Storage,Tianjin,12,False,False,False,True,1.0,True,.,0,3000,0.0055,0.02,.,.,False,0.88,0.0,False,.,.,.,.,.,0,.,0.8411223545960335,5
Hebei-Biomass,26,Biomass,Biomass,Hebei,35,False,True,False,True,0.2,False,13.1,5,300,0.15,0.05,.,.,False,.,0.4,False,8,8,70,0.92,3.3,0.3,.,2.15398304896377,5
Hebei-Coal,27,Coal,Coal,Hebei,40,False,True,False,True,0.2,False,7.955988900148692,5,300,0.25,0.05,.,.,False,.,0.7,False,8,8,150,0.92,2.2,0.17,.,2.15398304896377,5
Hebei-Gas,28,Gas,Gas,Hebei,20,False,False,False,True,0.7,True,6.86,2,300,0.65,0.0224,.,.,False,.,0.3,False,4,2,42,0.92,3.7,0.12,.,2.15398304896377,5
Hebei-Hydro_NonPumped,29,Hydro_NonPumped,Hydro,Hebei,80,False,False,False,True,1.0,True,.,0,300,0.094,0.051,1621.7599999999998,.,False,.,0.3,False,.,.,.,.,.,.,.,2.15398304896377,5
Hebei-Hydro_Pumped,30,Hydro_Pumped,Hydro,Hebei,80,False,False,False,True,1.0,True,.,0,300,0.094,0.051,15340.228940586452,.,False,0.74,0.4,True,.,.,.,.,.,.,.,2.15398304896377,5
Hebei-Solar_Distributed,31,Solar_Distributed,Solar,Hebei,25,True,False,False,True,1.0,False,.,0,3000,0.0,0.02,145179.2680707875,.,False,.,0.0,False,.,.,.,.,.,.,.,2.15398304896377,5
Hebei-Solar_Utility,32,Solar_Utility,Solar,Hebei,25,True,False,False,True,1.0,False,.,0,3000,0.0,0.02,87819.02598972662,.,False,.,0.0,False,.,.,.,.,.,.,.,2.15398304896377,5
Hebei-Wind_Onshore,33,Wind_Onshore,Wind,Hebei,25,True,False,False,True,1.0,False,.,0,3000,0.0139,0.02,22440.0,.,False,.,0.0,False,.,.,.,.,.,.,.,2.15398304896377,5
Hebei-Nuclear,34,Nuclear,Nuclear,Hebei,60,False,False,True,False,0.0,False,.,3,300,0.1112,0.0272,.,.,False,.,1.0,False,.,.,.,.,.,.,.,2.15398304896377,5
Hebei-Wind_Offshore_Near,35,Wind_Offshore,Wind,Hebei,25,True,False,False,True,1.0,False,.,0,3000,0.0139,0.02,55747.115649567895,.,False,.,0.0,False,.,.,.,.,.,.,.,2.15398304896377,5
Hebei-Wind_Offshore_Far,36,Wind_Offshore,Wind,Hebei,25,True,False,False,True,1.0,False,.,0,6000,0.0139,0.02,0,.,False,.,0.0,False,.,.,.,.,.,.,.,2.15398304896377,5
Hebei-CAS,37,CAS,Storage,Hebei,30,False,False,False,True,1.0,True,.,0,3000,0.0055,0.02,.,.,False,0.55,0.0,False,.,.,.,.,.,0,.,2.15398304896377,5
Hebei-Battery,38,Battery,Storage,Hebei,12,False,False,False,True,1.0,True,.,0,3000,0.0055,0.02,.,.,False,0.88,0.0,False,.,.,.,.,.,0,.,2.15398304896377,5
Shanxi-Biomass,39,Biomass,Biomass,Shanxi,35,False,True,False,True,0.2,False,13.1,5,300,0.15,0.05,.,.,False,.,0.4,False,8,8,70,0.92,3.3,0.3,.,1.3733388341978052,5
Shanxi-Coal,40,Coal,Coal,Shanxi,40,False,True,False,True,0.2,False,7.955988900148692,5,300,0.25,0.05,.,.,False,.,0.7,False,8,8,150,0.92,2.2,0.17,.,1.3733388341978052,5
Shanxi-Gas,41,Gas,Gas,Shanxi,20,False,False,False,True,0.7,True,6.86,2,300,0.65,0.0224,.,.,False,.,0.3,False,4,2,42,0.92,3.7,0.12,.,1.3733388341978052,5
Shanxi-Hydro_NonPumped,42,Hydro_NonPumped,Hydro,Shanxi,80,False,False,False,True,1.0,True,.,0,300,0.094,0.051,7482.883582,.,False,.,0.3,False,.,.,.,.,.,.,.,1.3733388341978052,5
Shanxi-Hydro_Pumped,43,Hydro_Pumped,Hydro,Shanxi,80,False,False,False,True,1.0,True,.,0,300,0.094,0.051,8660.796957582488,.,False,0.74,0.4,True,.,.,.,.,.,.,.,1.3733388341978052,5
Shanxi-Solar_Distributed,44,Solar_Distributed,Solar,Shanxi,25,True,False,False,True,1.0,False,.,0,3000,0.0,0.02,57095.47388081246,.,False,.,0.0,False,.,.,.,.,.,.,.,1.3733388341978052,5
Shanxi-Solar_Utility,45,Solar_Utility,Solar,Shanxi,25,True,False,False,True,1.0,False,.,0,3000,0.0,0.02,463753.0816259273,.,False,.,0.0,False,.,.,.,.,.,.,.,1.3733388341978052,5
Shanxi-Wind_Onshore,46,Wind_Onshore,Wind,Shanxi,25,True,False,False,True,1.0,False,.,0,3000,0.0139,0.02,41300.909847835675,.,False,.,0.0,False,.,.,.,.,.,.,.,1.3733388341978052,5
Shanxi-Nuclear,47,Nuclear,Nuclear,Shanxi,60,False,False,True,False,0.0,False,.,3,300,0.1112,0.0272,.,.,False,.,1.0,False,.,.,.,.,.,.,.,1.3733388341978052,5
Shanxi-CAS,50,CAS,Storage,Shanxi,30,False,False,False,True,1.0,True,.,0,3000,0.0055,0.02,.,.,False,0.55,0.0,False,.,.,.,.,.,0,.,1.3733388341978052,5
Shanxi-Battery,51,Battery,Storage,Shanxi,12,False,False,False,True,1.0,True,.,0,3000,0.0055,0.02,.,.,False,0.88,0.0,False,.,.,.,.,.,0,.,1.3733388341978052,5
East_Inner_Mongolia-Biomass,52,Biomass,Biomass,East_Inner_Mongolia,35,False,True,False,True,0.2,False,13.1,5,300,0.15,0.05,.,.,False,.,0.4,False,8,8,70,0.92,3.3,0.3,.,0.7271830515963416,5
East_Inner_Mongolia-Coal,53,Coal,Coal,East_Inner_Mongolia,40,False,True,False,True,0.2,False,7.955988900148692,5,300,0.25,0.05,.,.,False,.,0.7,False,8,8,150,0.92,2.2,0.17,.,0.7271830515963416,5
East_Inner_Mongolia-Gas,54,Gas,Gas,East_Inner_Mongolia,20,False,False,False,True,0.7,True,6.86,2,300,0.65,0.0224,.,.,False,.,0.3,False,4,2,42,0.92,3.7,0.12,.,0.7271830515963416,5
East_Inner_Mongolia-Hydro_NonPumped,55,Hydro_NonPumped,Hydro,East_Inner_Mongolia,80,False,False,False,True,1.0,True,.,0,300,0.094,0.051,251.26999999999998,.,False,.,0.3,False,.,.,.,.,.,.,.,0.7271830515963416,5
East_Inner_Mongolia-Hydro_Pumped,56,Hydro_Pumped,Hydro,East_Inner_Mongolia,80,False,False,False,True,1.0,True,.,0,300,0.094,0.051,20.0,.,False,0.74,0.4,True,.,.,.,.,.,.,.,0.7271830515963416,5
East_Inner_Mongolia-Solar_Distributed,57,Solar_Distributed,Solar,East_Inner_Mongolia,25,True,False,False,True,1.0,False,.,0,3000,0.0,0.02,16516.070558368403,.,False,.,0.0,False,.,.,.,.,.,.,.,0.7271830515963416,5
East_Inner_Mongolia-Solar_Utility,58,Solar_Utility,Solar,East_Inner_Mongolia,25,True,False,False,True,1.0,False,.,0,3000,0.0,0.02,838878.6306522199,.,False,.,0.0,False,.,.,.,.,.,.,.,0.7271830515963416,5
East_Inner_Mongolia-Wind_Onshore,59,Wind_Onshore,Wind,East_Inner_Mongolia,25,True,False,False,True,1.0,False,.,0,3000,0.0139,0.02,129288.94561705113,.,False,.,0.0,False,.,.,.,.,.,.,.,0.7271830515963416,5
East_Inner_Mongolia-Nuclear,60,Nuclear,Nuclear,East_Inner_Mongolia,60,False,False,True,False,0.0,False,.,3,300,0.1112,0.0272,.,.,False,.,1.0,False,.,.,.,.,.,.,.,0.7271830515963416,5
East_Inner_Mongolia-CAS,63,CAS,Storage,East_Inner_Mongolia,30,False,False,False,True,1.0,True,.,0,3000,0.0055,0.02,.,.,False,0.55,0.0,False,.,.,.,.,.,0,.,0.7271830515963416,5
East_Inner_Mongolia-Battery,64,Battery,Storage,East_Inner_Mongolia,12,False,False,False,True,1.0,True,.,0,3000,0.0055,0.02,.,.,False,0.88,0.0,False,.,.,.,.,.,0,.,0.7271830515963416,5
West_Inner_Mongolia-Biomass,65,Biomass,Biomass,West_Inner_Mongolia,35,False,True,False,True,0.2,False,13.1,5,300,0.15,0.05,.,.,False,.,0.4,False,8,8,70,0.92,3.3,0.3,.,1.398316153675338,5
West_Inner_Mongolia-Coal,66,Coal,Coal,West_Inner_Mongolia,40,False,True,False,True,0.2,False,7.955988900148692,5,300,0.25,0.05,.,.,False,.,0.7,False,8,8,150,0.92,2.2,0.17,.,1.398316153675338,5
West_Inner_Mongolia-Gas,67,Gas,Gas,West_Inner_Mongolia,20,False,False,False,True,0.7,True,6.86,2,300,0.65,0.0224,.,.,False,.,0.3,False,4,2,42,0.92,3.7,0.12,.,1.398316153675338,5
West_Inner_Mongolia-Hydro_NonPumped,68,Hydro_NonPumped,Hydro,West_Inner_Mongolia,80,False,False,False,True,1.0,True,.,0,300,0.094,0.051,1903.08,.,False,.,0.3,False,.,.,.,.,.,.,.,1.398316153675338,5
West_Inner_Mongolia-Hydro_Pumped,69,Hydro_Pumped,Hydro,West_Inner_Mongolia,80,False,False,False,True,1.0,True,.,0,300,0.094,0.051,9206.521472869515,.,False,0.74,0.4,True,.,.,.,.,.,.,.,1.398316153675338,5
West_Inner_Mongolia-Solar_Distributed,70,Solar_Distributed,Solar,West_Inner_Mongolia,25,True,False,False,True,1.0,False,.,0,3000,0.0,0.02,84491.09779015208,.,False,.,0.0,False,.,.,.,.,.,.,.,1.398316153675338,5
West_Inner_Mongolia-Solar_Utility,71,Solar_Utility,Solar,West_Inner_Mongolia,25,True,False,False,True,1.0,False,.,0,3000,0.0,0.02,13689775.051594287,.,False,.,0.0,False,.,.,.,.,.,.,.,1.398316153675338,5
West_Inner_Mongolia-Wind_Onshore,72,Wind_Onshore,Wind,West_Inner_Mongolia,25,True,False,False,True,1.0,False,.,0,3000,0.0139,0.02,507067.4406257579,.,False,.,0.0,False,.,.,.,.,.,.,.,1.398316153675338,5
West_Inner_Mongolia-Nuclear,73,Nuclear,Nuclear,West_Inner_Mongolia,60,False,False,True,False,0.0,False,.,3,300,0.1112,0.0272,.,.,False,.,1.0,False,.,.,.,.,.,.,.,1.398316153675338,5
West_Inner_Mongolia-CAS,76,CAS,Storage,West_Inner_Mongolia,30,False,False,False,True,1.0,True,.,0,3000,0.0055,0.02,.,.,False,0.55,0.0,False,.,.,.,.,.,0,.,1.398316153675338,5
West_Inner_Mongolia-Battery,77,Battery,Storage,West_Inner_Mongolia,12,False,False,False,True,1.0,True,.,0,3000,0.0055,0.02,.,.,False,0.88,0.0,False,.,.,.,.,.,0,.,1.398316153675338,5
Liaoning-Biomass,78,Biomass,Biomass,Liaoning,35,False,True,False,True,0.2,False,13.1,5,300,0.15,0.05,.,.,False,.,0.4,False,8,8,70,0.92,3.3,0.3,.,2.051015893950672,5
Liaoning-Coal,79,Coal,Coal,Liaoning,40,False,True,False,True,0.2,False,7.955988900148692,5,300,0.25,0.05,.,.,False,.,0.7,False,8,8,150,0.92,2.2,0.17,.,2.051015893950672,5
Liaoning-Gas,80,Gas,Gas,Liaoning,20,False,False,False,True,0.7,True,6.86,2,300,0.65,0.0224,.,.,False,.,0.3,False,4,2,42,0.92,3.7,0.12,.,2.051015893950672,5
Liaoning-Hydro_NonPumped,81,Hydro_NonPumped,Hydro,Liaoning,80,False,False,False,True,1.0,True,.,0,300,0.094,0.051,1342.97,.,False,.,0.3,False,.,.,.,.,.,.,.,2.051015893950672,5
Liaoning-Hydro_Pumped,82,Hydro_Pumped,Hydro,Liaoning,80,False,False,False,True,1.0,True,.,0,300,0.094,0.051,11874.275484712973,.,False,0.74,0.4,True,.,.,.,.,.,.,.,2.051015893950672,5
Liaoning-Solar_Distributed,83,Solar_Distributed,Solar,Liaoning,25,True,False,False,True,1.0,False,.,0,3000,0.0,0.02,64874.31920248113,.,False,.,0.0,False,.,.,.,.,.,.,.,2.051015893950672,5
Liaoning-Solar_Utility,84,Solar_Utility,Solar,Liaoning,25,True,False,False,True,1.0,False,.,0,3000,0.0,0.02,215116.34710473515,.,False,.,0.0,False,.,.,.,.,.,.,.,2.051015893950672,5
Liaoning-Wind_Onshore,85,Wind_Onshore,Wind,Liaoning,25,True,False,False,True,1.0,False,.,0,3000,0.0139,0.02,20429.855360931775,.,False,.,0.0,False,.,.,.,.,.,.,.,2.051015893950672,5
Liaoning-Nuclear,86,Nuclear,Nuclear,Liaoning,60,False,False,True,False,0.0,False,.,3,300,0.1112,0.0272,.,.,False,.,1.0,False,.,.,.,.,.,.,.,2.051015893950672,5
Liaoning-Wind_Offshore_Near,87,Wind_Offshore,Wind,Liaoning,25,True,False,False,True,1.0,False,.,0,3000,0.0139,0.02,163564.58274092816,.,False,.,0.0,False,.,.,.,.,.,.,.,2.051015893950672,5
Liaoning-Wind_Offshore_Far,88,Wind_Offshore,Wind,Liaoning,25,True,False,False,True,1.0,False,.,0,6000,0.0139,0.02,0,.,False,.,0.0,False,.,.,.,.,.,.,.,2.051015893950672,5
Liaoning-CAS,89,CAS,Storage,Liaoning,30,False,False,False,True,1.0,True,.,0,3000,0.0055,0.02,.,.,False,0.55,0.0,False,.,.,.,.,.,0,.,2.051015893950672,5
Liaoning-Battery,90,Battery,Storage,Liaoning,12,False,False,False,True,1.0,True,.,0,3000,0.0055,0.02,.,.,False,0.88,0.0,False,.,.,.,.,.,0,.,2.051015893950672,5
Jilin-Biomass,91,Biomass,Biomass,Jilin,35,False,True,False,True,0.2,False,13.1,5,300,0.15,0.05,.,.,False,.,0.4,False,8,8,70,0.92,3.3,0.3,.,2.259284311412283,5
Jilin-Coal,92,Coal,Coal,Jilin,40,False,True,False,True,0.2,False,7.955988900148692,5,300,0.25,0.05,.,.,False,.,0.7,False,8,8,150,0.92,2.2,0.17,.,2.259284311412283,5
Jilin-Gas,93,Gas,Gas,Jilin,20,False,False,False,True,0.7,True,6.86,2,300,0.65,0.0224,.,.,False,.,0.3,False,4,2,42,0.92,3.7,0.12,.,2.259284311412283,5
Jilin-Hydro_NonPumped,94,Hydro_NonPumped,Hydro,Jilin,80,False,False,False,True,1.0,True,.,0,300,0.094,0.051,4156.2300000000005,.,False,.,0.3,False,.,.,.,.,.,.,.,2.259284311412283,5
Jilin-Hydro_Pumped,95,Hydro_Pumped,Hydro,Jilin,80,False,False,False,True,1.0,True,.,0,300,0.094,0.051,12783.568871178242,.,False,0.74,0.4,True,.,.,.,.,.,.,.,2.259284311412283,5
Jilin-Solar_Distributed,96,Solar_Distributed,Solar,Jilin,25,True,False,False,True,1.0,False,.,0,3000,0.0,0.02,29067.993467435957,.,False,.,0.0,False,.,.,.,.,.,.,.,2.259284311412283,5
Jilin-Solar_Utility,97,Solar_Utility,Solar,Jilin,25,True,False,False,True,1.0,False,.,0,3000,0.0,0.02,544807.0176077564,.,False,.,0.0,False,.,.,.,.,.,.,.,2.259284311412283,5
Jilin-Wind_Onshore,98,Wind_Onshore,Wind,Jilin,25,True,False,False,True,1.0,False,.,0,3000,0.0139,0.02,49603.513146459496,.,False,.,0.0,False,.,.,.,.,.,.,.,2.259284311412283,5
Jilin-Nuclear,99,Nuclear,Nuclear,Jilin,60,False,False,True,False,0.0,False,.,3,300,0.1112,0.0272,.,.,False,.,1.0,False,.,.,.,.,.,.,.,2.259284311412283,5
Jilin-CAS,102,CAS,Storage,Jilin,30,False,False,False,True,1.0,True,.,0,3000,0.0055,0.02,.,.,False,0.55,0.0,False,.,.,.,.,.,0,.,2.259284311412283,5
Jilin-Battery,103,Battery,Storage,Jilin,12,False,False,False,True,1.0,True,.,0,3000,0.0055,0.02,.,.,False,0.88,0.0,False,.,.,.,.,.,0,.,2.259284311412283,5
Heilongjiang-Biomass,104,Biomass,Biomass,Heilongjiang,35,False,True,False,True,0.2,False,13.1,5,300,0.15,0.05,.,.,False,.,0.4,False,8,8,70,0.92,3.3,0.3,.,1.3420566759275154,5
Heilongjiang-Coal,105,Coal,Coal,Heilongjiang,40,False,True,False,True,0.2,False,7.955988900148692,5,300,0.25,0.05,.,.,False,.,0.7,False,8,8,150,0.92,2.2,0.17,.,1.3420566759275154,5
Heilongjiang-Gas,106,Gas,Gas,Heilongjiang,20,False,False,False,True,0.7,True,6.86,2,300,0.65,0.0224,.,.,False,.,0.3,False,4,2,42,0.92,3.7,0.12,.,1.3420566759275154,5
Heilongjiang-Hydro_NonPumped,107,Hydro_NonPumped,Hydro,Heilongjiang,80,False,False,False,True,1.0,True,.,0,300,0.094,0.051,1019.4088280000001,.,False,.,0.3,False,.,.,.,.,.,.,.,1.3420566759275154,5
Heilongjiang-Hydro_Pumped,108,Hydro_Pumped,Hydro,Heilongjiang,80,False,False,False,True,1.0,True,.,0,300,0.094,0.051,13520.0,.,False,0.74,0.4,True,.,.,.,.,.,.,.,1.3420566759275154,5
Heilongjiang-Solar_Distributed,109,Solar_Distributed,Solar,Heilongjiang,25,True,False,False,True,1.0,False,.,0,3000,0.0,0.02,27355.42949071213,.,False,.,0.0,False,.,.,.,.,.,.,.,1.3420566759275154,5
Heilongjiang-Solar_Utility,110,Solar_Utility,Solar,Heilongjiang,25,True,False,False,True,1.0,False,.,0,3000,0.0,0.02,734165.3061846569,.,False,.,0.0,False,.,.,.,.,.,.,.,1.3420566759275154,5
Heilongjiang-Wind_Onshore,111,Wind_Onshore,Wind,Heilongjiang,25,True,False,False,True,1.0,False,.,0,3000,0.0139,0.02,75406.56045618573,.,False,.,0.0,False,.,.,.,.,.,.,.,1.3420566759275154,5
Heilongjiang-Nuclear,112,Nuclear,Nuclear,Heilongjiang,60,False,False,True,False,0.0,False,.,3,300,0.1112,0.0272,.,.,False,.,1.0,False,.,.,.,.,.,.,.,1.3420566759275154,5
Heilongjiang-CAS,115,CAS,Storage,Heilongjiang,30,False,False,False,True,1.0,True,.,0,3000,0.0055,0.02,.,.,False,0.55,0.0,False,.,.,.,.,.,0,.,1.3420566759275154,5
Heilongjiang-Battery,116,Battery,Storage,Heilongjiang,12,False,False,False,True,1.0,True,.,0,3000,0.0055,0.02,.,.,False,0.88,0.0,False,.,.,.,.,.,0,.,1.3420566759275154,5
Jiangsu-Biomass,117,Biomass,Biomass,Jiangsu,35,False,True,False,True,0.2,False,13.1,5,300,0.15,0.05,.,.,False,.,0.4,False,8,8,70,0.92,3.3,0.3,.,2.532392432550618,5
Jiangsu-Coal,118,Coal,Coal,Jiangsu,40,False,True,False,True,0.2,False,7.955988900148692,5,300,0.25,0.05,.,.,False,.,0.7,False,8,8,150,0.92,2.2,0.17,.,2.532392432550618,5
Jiangsu-Gas,119,Gas,Gas,Jiangsu,20,False,False,False,True,0.7,True,6.86,2,300,0.65,0.0224,.,.,False,.,0.3,False,4,2,42,0.92,3.7,0.12,.,2.532392432550618,5
Jiangsu-Hydro_NonPumped,120,Hydro_NonPumped,Hydro,Jiangsu,80,False,False,False,True,1.0,True,.,0,300,0.094,0.051,1149.72,.,False,.,0.3,False,.,.,.,.,.,.,.,2.532392432550618,5
Jiangsu-Hydro_Pumped,121,Hydro_Pumped,Hydro,Jiangsu,80,False,False,False,True,1.0,True,.,0,300,0.094,0.051,8412.105020177853,.,False,0.74,0.4,True,.,.,.,.,.,.,.,2.532392432550618,5
Jiangsu-Solar_Distributed,122,Solar_Distributed,Solar,Jiangsu,25,True,False,False,True,1.0,False,.,0,3000,0.0,0.02,233931.12176453814,.,False,.,0.0,False,.,.,.,.,.,.,.,2.532392432550618,5
Jiangsu-Solar_Utility,123,Solar_Utility,Solar,Jiangsu,25,True,False,False,True,1.0,False,.,0,3000,0.0,0.02,21885.141575324524,.,False,.,0.0,False,.,.,.,.,.,.,.,2.532392432550618,5
Jiangsu-Wind_Onshore,124,Wind_Onshore,Wind,Jiangsu,25,True,False,False,True,1.0,False,.,0,3000,0.0139,0.02,8654.0,.,False,.,0.0,False,.,.,.,.,.,.,.,2.532392432550618,5
Jiangsu-Nuclear,125,Nuclear,Nuclear,Jiangsu,60,False,False,True,False,0.0,False,.,3,300,0.1112,0.0272,.,.,False,.,1.0,False,.,.,.,.,.,.,.,2.532392432550618,5
Jiangsu-Wind_Offshore_Near,126,Wind_Offshore,Wind,Jiangsu,25,True,False,False,True,1.0,False,.,0,3000,0.0139,0.02,106360.48800439303,.,False,.,0.0,False,.,.,.,.,.,.,.,2.532392432550618,5
Jiangsu-Wind_Offshore_Far,127,Wind_Offshore,Wind,Jiangsu,25,True,False,False,True,1.0,False,.,0,6000,0.0139,0.02,0,.,False,.,0.0,False,.,.,.,.,.,.,.,2.532392432550618,5
Jiangsu-CAS,128,CAS,Storage,Jiangsu,30,False,False,False,True,1.0,True,.,0,3000,0.0055,0.02,.,.,False,0.55,0.0,False,.,.,.,.,.,0,.,2.532392432550618,5
Jiangsu-Battery,129,Battery,Storage,Jiangsu,12,False,False,False,True,1.0,True,.,0,3000,0.0055,0.02,.,.,False,0.88,0.0,False,.,.,.,.,.,0,.,2.532392432550618,5
Zhejiang-Biomass,130,Biomass,Biomass,Zhejiang,35,False,True,False,True,0.2,False,13.1,5,300,0.15,0.05,.,.,False,.,0.4,False,8,8,70,0.92,3.3,0.3,.,10.426769520602418,5
Zhejiang-Coal,131,Coal,Coal,Zhejiang,40,False,True,False,True,0.2,False,7.955988900148692,5,300,0.25,0.05,.,.,False,.,0.7,False,8,8,150,0.92,2.2,0.17,.,10.426769520602418,5
Zhejiang-Gas,132,Gas,Gas,Zhejiang,20,False,False,False,True,0.7,True,6.86,2,300,0.65,0.0224,.,.,False,.,0.3,False,4,2,42,0.92,3.7,0.12,.,10.426769520602418,5
Zhejiang-Hydro_NonPumped,133,Hydro_NonPumped,Hydro,Zhejiang,80,False,False,False,True,1.0,True,.,0,300,0.094,0.051,9753.77,.,False,.,0.3,False,.,.,.,.,.,.,.,10.426769520602418,5
Zhejiang-Hydro_Pumped,134,Hydro_Pumped,Hydro,Zhejiang,80,False,False,False,True,1.0,True,.,0,300,0.094,0.051,26642.53622114773,.,False,0.74,0.4,True,.,.,.,.,.,.,.,10.426769520602418,5
Zhejiang-Solar_Distributed,135,Solar_Distributed,Solar,Zhejiang,25,True,False,False,True,1.0,False,.,0,3000,0.0,0.02,90331.5862986107,.,False,.,0.0,False,.,.,.,.,.,.,.,10.426769520602418,5
Zhejiang-Solar_Utility,136,Solar_Utility,Solar,Zhejiang,25,True,False,False,True,1.0,False,.,0,3000,0.0,0.02,43933.29140978113,.,False,.,0.0,False,.,.,.,.,.,.,.,10.426769520602418,5
Zhejiang-Wind_Onshore,137,Wind_Onshore,Wind,Zhejiang,25,True,False,False,True,1.0,False,.,0,3000,0.0139,0.02,4195.774931318297,.,False,.,0.0,False,.,.,.,.,.,.,.,10.426769520602418,5
Zhejiang-Nuclear,138,Nuclear,Nuclear,Zhejiang,60,False,False,True,False,0.0,False,.,3,300,0.1112,0.0272,.,.,False,.,1.0,False,.,.,.,.,.,.,.,10.426769520602418,5
Zhejiang-Wind_Offshore_Near,139,Wind_Offshore,Wind,Zhejiang,25,True,False,False,True,1.0,False,.,0,3000,0.0139,0.02,107105.81232255753,.,False,.,0.0,False,.,.,.,.,.,.,.,10.426769520602418,5
Zhejiang-Wind_Offshore_Far,140,Wind_Offshore,Wind,Zhejiang,25,True,False,False,True,1.0,False,.,0,6000,0.0139,0.02,0,.,False,.,0.0,False,.,.,.,.,.,.,.,10.426769520602418,5
Zhejiang-CAS,141,CAS,Storage,Zhejiang,30,False,False,False,True,1.0,True,.,0,3000,0.0055,0.02,.,.,False,0.55,0.0,False,.,.,.,.,.,0,.,10.426769520602418,5
Zhejiang-Battery,142,Battery,Storage,Zhejiang,12,False,False,False,True,1.0,True,.,0,3000,0.0055,0.02,.,.,False,0.88,0.0,False,.,.,.,.,.,0,.,10.426769520602418,5
Anhui-Biomass,143,Biomass,Biomass,Anhui,35,False,True,False,True,0.2,False,13.1,5,300,0.15,0.05,.,.,False,.,0.4,False,8,8,70,0.92,3.3,0.3,.,1.9036242203213811,5
Anhui-Coal,144,Coal,Coal,Anhui,40,False,True,False,True,0.2,False,7.955988900148692,5,300,0.25,0.05,.,.,False,.,0.7,False,8,8,150,0.92,2.2,0.17,.,1.9036242203213811,5
Anhui-Gas,145,Gas,Gas,Anhui,20,False,False,False,True,0.7,True,6.86,2,300,0.65,0.0224,.,.,False,.,0.3,False,4,2,42,0.92,3.7,0.12,.,1.9036242203213811,5
Anhui-Hydro_NonPumped,146,Hydro_NonPumped,Hydro,Anhui,80,False,False,False,True,1.0,True,.,0,300,0.094,0.051,2272.84,.,False,.,0.3,False,.,.,.,.,.,.,.,1.9036242203213811,5
Anhui-Hydro_Pumped,147,Hydro_Pumped,Hydro,Anhui,80,False,False,False,True,1.0,True,.,0,300,0.094,0.051,7877.137742356486,.,False,0.74,0.4,True,.,.,.,.,.,.,.,1.9036242203213811,5
Anhui-Solar_Distributed,148,Solar_Distributed,Solar,Anhui,25,True,False,False,True,1.0,False,.,0,3000,0.0,0.02,158642.444365391,.,False,.,0.0,False,.,.,.,.,.,.,.,1.9036242203213811,5
Anhui-Solar_Utility,149,Solar_Utility,Solar,Anhui,25,True,False,False,True,1.0,False,.,0,3000,0.0,0.02,31212.159735586585,.,False,.,0.0,False,.,.,.,.,.,.,.,1.9036242203213811,5
Anhui-Wind_Onshore,150,Wind_Onshore,Wind,Anhui,25,True,False,False,True,1.0,False,.,0,3000,0.0139,0.02,11258.543648653655,.,False,.,0.0,False,.,.,.,.,.,.,.,1.9036242203213811,5
Anhui-Nuclear,151,Nuclear,Nuclear,Anhui,60,False,False,True,False,0.0,False,.,3,300,0.1112,0.0272,.,.,False,.,1.0,False,.,.,.,.,.,.,.,1.9036242203213811,5
Anhui-CAS,154,CAS,Storage,Anhui,30,False,False,False,True,1.0,True,.,0,3000,0.0055,0.02,.,.,False,0.55,0.0,False,.,.,.,.,.,0,.,1.9036242203213811,5
Anhui-Battery,155,Battery,Storage,Anhui,12,False,False,False,True,1.0,True,.,0,3000,0.0055,0.02,.,.,False,0.88,0.0,False,.,.,.,.,.,0,.,1.9036242203213811,5
Fujian-Biomass,156,Biomass,Biomass,Fujian,35,False,True,False,True,0.2,False,13.1,5,300,0.15,0.05,.,.,False,.,0.4,False,8,8,70,0.92,3.3,0.3,.,17.772707828463687,5
Fujian-Coal,157,Coal,Coal,Fujian,40,False,True,False,True,0.2,False,7.955988900148692,5,300,0.25,0.05,.,.,False,.,0.7,False,8,8,150,0.92,2.2,0.17,.,17.772707828463687,5
Fujian-Gas,158,Gas,Gas,Fujian,20,False,False,False,True,0.7,True,6.86,2,300,0.65,0.0224,.,.,False,.,0.3,False,4,2,42,0.92,3.7,0.12,.,17.772707828463687,5
Fujian-Hydro_NonPumped,159,Hydro_NonPumped,Hydro,Fujian,80,False,False,False,True,1.0,True,.,0,300,0.094,0.051,12531.330992000001,.,False,.,0.3,False,.,.,.,.,.,.,.,17.772707828463687,5
Fujian-Hydro_Pumped,160,Hydro_Pumped,Hydro,Fujian,80,False,False,False,True,1.0,True,.,0,300,0.094,0.051,12870.0,.,False,0.74,0.4,True,.,.,.,.,.,.,.,17.772707828463687,5
Fujian-Solar_Distributed,161,Solar_Distributed,Solar,Fujian,25,True,False,False,True,1.0,False,.,0,3000,0.0,0.02,47427.870636452455,.,False,.,0.0,False,.,.,.,.,.,.,.,17.772707828463687,5
Fujian-Solar_Utility,162,Solar_Utility,Solar,Fujian,25,True,False,False,True,1.0,False,.,0,3000,0.0,0.02,101866.43283635234,.,False,.,0.0,False,.,.,.,.,.,.,.,17.772707828463687,5
Fujian-Wind_Onshore,163,Wind_Onshore,Wind,Fujian,25,True,False,False,True,1.0,False,.,0,3000,0.0139,0.02,7618.990120895765,.,False,.,0.0,False,.,.,.,.,.,.,.,17.772707828463687,5
Fujian-Nuclear,164,Nuclear,Nuclear,Fujian,60,False,False,True,False,0.0,False,.,3,300,0.1112,0.0272,.,.,False,.,1.0,False,.,.,.,.,.,.,.,17.772707828463687,5
Fujian-Wind_Offshore_Near,165,Wind_Offshore,Wind,Fujian,25,True,False,False,True,1.0,False,.,0,3000,0.0139,0.02,68815.76448831748,.,False,.,0.0,False,.,.,.,.,.,.,.,17.772707828463687,5
Fujian-Wind_Offshore_Far,166,Wind_Offshore,Wind,Fujian,25,True,False,False,True,1.0,False,.,0,6000,0.0139,0.02,0,.,False,.,0.0,False,.,.,.,.,.,.,.,17.772707828463687,5
Fujian-CAS,167,CAS,Storage,Fujian,30,False,False,False,True,1.0,True,.,0,3000,0.0055,0.02,.,.,False,0.55,0.0,False,.,.,.,.,.,0,.,17.772707828463687,5
Fujian-Battery,168,Battery,Storage,Fujian,12,False,False,False,True,1.0,True,.,0,3000,0.0055,0.02,.,.,False,0.88,0.0,False,.,.,.,.,.,0,.,17.772707828463687,5
Jiangxi-Biomass,169,Biomass,Biomass,Jiangxi,35,False,True,False,True,0.2,False,13.1,5,300,0.15,0.05,.,.,False,.,0.4,False,8,8,70,0.92,3.3,0.3,.,7.5784106672881695,5
Jiangxi-Coal,170,Coal,Coal,Jiangxi,40,False,True,False,True,0.2,False,7.955988900148692,5,300,0.25,0.05,.,.,False,.,0.7,False,8,8,150,0.92,2.2,0.17,.,7.5784106672881695,5
Jiangxi-Gas,171,Gas,Gas,Jiangxi,20,False,False,False,True,0.7,True,6.86,2,300,0.65,0.0224,.,.,False,.,0.3,False,4,2,42,0.92,3.7,0.12,.,7.5784106672881695,5
Jiangxi-Hydro_NonPumped,172,Hydro_NonPumped,Hydro,Jiangxi,80,False,False,False,True,1.0,True,.,0,300,0.094,0.051,5015.92,.,False,.,0.3,False,.,.,.,.,.,.,.,7.5784106672881695,5
Jiangxi-Hydro_Pumped,173,Hydro_Pumped,Hydro,Jiangxi,80,False,False,False,True,1.0,True,.,0,300,0.094,0.051,8420.0,.,False,0.74,0.4,True,.,.,.,.,.,.,.,7.5784106672881695,5
Jiangxi-Solar_Distributed,174,Solar_Distributed,Solar,Jiangxi,25,True,False,False,True,1.0,False,.,0,3000,0.0,0.02,24251.550434420355,.,False,.,0.0,False,.,.,.,.,.,.,.,7.5784106672881695,5
Jiangxi-Solar_Utility,175,Solar_Utility,Solar,Jiangxi,25,True,False,False,True,1.0,False,.,0,3000,0.0,0.02,208881.97779582682,.,False,.,0.0,False,.,.,.,.,.,.,.,7.5784106672881695,5
Jiangxi-Wind_Onshore,176,Wind_Onshore,Wind,Jiangxi,25,True,False,False,True,1.0,False,.,0,3000,0.0139,0.02,56622.780390087755,.,False,.,0.0,False,.,.,.,.,.,.,.,7.5784106672881695,5
Jiangxi-Nuclear,177,Nuclear,Nuclear,Jiangxi,60,False,False,True,False,0.0,False,.,3,300,0.1112,0.0272,.,.,False,.,1.0,False,.,.,.,.,.,.,.,7.5784106672881695,5
Jiangxi-CAS,180,CAS,Storage,Jiangxi,30,False,False,False,True,1.0,True,.,0,3000,0.0055,0.02,.,.,False,0.55,0.0,False,.,.,.,.,.,0,.,7.5784106672881695,5
Jiangxi-Battery,181,Battery,Storage,Jiangxi,12,False,False,False,True,1.0,True,.,0,3000,0.0055,0.02,.,.,False,0.88,0.0,False,.,.,.,.,.,0,.,7.5784106672881695,5
Shandong-Biomass,182,Biomass,Biomass,Shandong,35,False,True,False,True,0.2,False,13.1,5,300,0.15,0.05,.,.,False,.,0.4,False,8,8,70,0.92,3.3,0.3,.,2.294813891148834,5
Shandong-Coal,183,Coal,Coal,Shandong,40,False,True,False,True,0.2,False,7.955988900148692,5,300,0.25,0.05,.,.,False,.,0.7,False,8,8,150,0.92,2.2,0.17,.,2.294813891148834,5
Shandong-Gas,184,Gas,Gas,Shandong,20,False,False,False,True,0.7,True,6.86,2,300,0.65,0.0224,.,.,False,.,0.3,False,4,2,42,0.92,3.7,0.12,.,2.294813891148834,5
Shandong-Hydro_NonPumped,185,Hydro_NonPumped,Hydro,Shandong,80,False,False,False,True,1.0,True,.,0,300,0.094,0.051,1092.1399999999999,.,False,.,0.3,False,.,.,.,.,.,.,.,2.294813891148834,5
Shandong-Hydro_Pumped,186,Hydro_Pumped,Hydro,Shandong,80,False,False,False,True,1.0,True,.,0,300,0.094,0.051,3978.5629039274772,.,False,0.74,0.4,True,.,.,.,.,.,.,.,2.294813891148834,5
Shandong-Solar_Distributed,187,Solar_Distributed,Solar,Shandong,25,True,False,False,True,1.0,False,.,0,3000,0.0,0.02,282393.4062892053,.,False,.,0.0,False,.,.,.,.,.,.,.,2.294813891148834,5
Shandong-Solar_Utility,188,Solar_Utility,Solar,Shandong,25,True,False,False,True,1.0,False,.,0,3000,0.0,0.02,161202.46690126084,.,False,.,0.0,False,.,.,.,.,.,.,.,2.294813891148834,5
Shandong-Wind_Onshore,189,Wind_Onshore,Wind,Shandong,25,True,False,False,True,1.0,False,.,0,3000,0.0139,0.02,17935.0,.,False,.,0.0,False,.,.,.,.,.,.,.,2.294813891148834,5
Shandong-Nuclear,190,Nuclear,Nuclear,Shandong,60,False,False,True,False,0.0,False,.,3,300,0.1112,0.0272,.,.,False,.,1.0,False,.,.,.,.,.,.,.,2.294813891148834,5
Shandong-Wind_Offshore_Near,191,Wind_Offshore,Wind,Shandong,25,True,False,False,True,1.0,False,.,0,3000,0.0139,0.02,173181.99695663774,.,False,.,0.0,False,.,.,.,.,.,.,.,2.294813891148834,5
Shandong-Wind_Offshore_Far,192,Wind_Offshore,Wind,Shandong,25,True,False,False,True,1.0,False,.,0,6000,0.0139,0.02,0,.,False,.,0.0,False,.,.,.,.,.,.,.,2.294813891148834,5
Shandong-CAS,193,CAS,Storage,Shandong,30,False,False,False,True,1.0,True,.,0,3000,0.0055,0.02,.,.,False,0.55,0.0,False,.,.,.,.,.,0,.,2.294813891148834,5
Shandong-Battery,194,Battery,Storage,Shandong,12,False,False,False,True,1.0,True,.,0,3000,0.0055,0.02,.,.,False,0.88,0.0,False,.,.,.,.,.,0,.,2.294813891148834,5
Henan-Biomass,195,Biomass,Biomass,Henan,35,False,True,False,True,0.2,False,13.1,5,300,0.15,0.05,.,.,False,.,0.4,False,8,8,70,0.92,3.3,0.3,.,1.5957769777998905,5
Henan-Coal,196,Coal,Coal,Henan,40,False,True,False,True,0.2,False,7.955988900148692,5,300,0.25,0.05,.,.,False,.,0.7,False,8,8,150,0.92,2.2,0.17,.,1.5957769777998905,5
Henan-Gas,197,Gas,Gas,Henan,20,False,False,False,True,0.7,True,6.86,2,300,0.65,0.0224,.,.,False,.,0.3,False,4,2,42,0.92,3.7,0.12,.,1.5957769777998905,5
Henan-Hydro_NonPumped,198,Hydro_NonPumped,Hydro,Henan,80,False,False,False,True,1.0,True,.,0,300,0.094,0.051,6145.4298770000005,.,False,.,0.3,False,.,.,.,.,.,.,.,1.5957769777998905,5
Henan-Hydro_Pumped,199,Hydro_Pumped,Hydro,Henan,80,False,False,False,True,1.0,True,.,0,300,0.094,0.051,11040.0,.,False,0.74,0.4,True,.,.,.,.,.,.,.,1.5957769777998905,5
Henan-Solar_Distributed,200,Solar_Distributed,Solar,Henan,25,True,False,False,True,1.0,False,.,0,3000,0.0,0.02,204147.12415181,.,False,.,0.0,False,.,.,.,.,.,.,.,1.5957769777998905,5
Henan-Solar_Utility,201,Solar_Utility,Solar,Henan,25,True,False,False,True,1.0,False,.,0,3000,0.0,0.02,31179.304528575358,.,False,.,0.0,False,.,.,.,.,.,.,.,1.5957769777998905,5
Henan-Wind_Onshore,202,Wind_Onshore,Wind,Henan,25,True,False,False,True,1.0,False,.,0,3000,0.0139,0.02,15180.0,.,False,.,0.0,False,.,.,.,.,.,.,.,1.5957769777998905,5
Henan-Nuclear,203,Nuclear,Nuclear,Henan,60,False,False,True,False,0.0,False,.,3,300,0.1112,0.0272,.,.,False,.,1.0,False,.,.,.,.,.,.,.,1.5957769777998905,5
Henan-CAS,206,CAS,Storage,Henan,30,False,False,False,True,1.0,True,.,0,3000,0.0055,0.02,.,.,False,0.55,0.0,False,.,.,.,.,.,0,.,1.5957769777998905,5
Henan-Battery,207,Battery,Storage,Henan,12,False,False,False,True,1.0,True,.,0,3000,0.0055,0.02,.,.,False,0.88,0.0,False,.,.,.,.,.,0,.,1.5957769777998905,5
Hubei-Biomass,208,Biomass,Biomass,Hubei,35,False,True,False,True,0.2,False,13.1,5,300,0.15,0.05,.,.,False,.,0.4,False,8,8,70,0.92,3.3,0.3,.,2.1536819469613038,5
Hubei-Coal,209,Coal,Coal,Hubei,40,False,True,False,True,0.2,False,7.955988900148692,5,300,0.25,0.05,.,.,False,.,0.7,False,8,8,150,0.92,2.2,0.17,.,2.1536819469613038,5
Hubei-Gas,210,Gas,Gas,Hubei,20,False,False,False,True,0.7,True,6.86,2,300,0.65,0.0224,.,.,False,.,0.3,False,4,2,42,0.92,3.7,0.12,.,2.1536819469613038,5
Hubei-Hydro_NonPumped,211,Hydro_NonPumped,Hydro,Hubei,80,False,False,False,True,1.0,True,.,0,300,0.094,0.051,34954.83614399999,.,False,.,0.3,False,.,.,.,.,.,.,.,2.1536819469613038,5
Hubei-Hydro_Pumped,212,Hydro_Pumped,Hydro,Hubei,80,False,False,False,True,1.0,True,.,0,300,0.094,0.051,586.2505395004516,.,False,0.74,0.4,True,.,.,.,.,.,.,.,2.1536819469613038,5
Hubei-Solar_Distributed,213,Solar_Distributed,Solar,Hubei,25,True,False,False,True,1.0,False,.,0,3000,0.0,0.02,91697.65947230198,.,False,.,0.0,False,.,.,.,.,.,.,.,2.1536819469613038,5
Hubei-Solar_Utility,214,Solar_Utility,Solar,Hubei,25,True,False,False,True,1.0,False,.,0,3000,0.0,0.02,221396.91484528058,.,False,.,0.0,False,.,.,.,.,.,.,.,2.1536819469613038,5
Hubei-Wind_Onshore,215,Wind_Onshore,Wind,Hubei,25,True,False,False,True,1.0,False,.,0,3000,0.0139,0.02,45719.381444309154,.,False,.,0.0,False,.,.,.,.,.,.,.,2.1536819469613038,5
Hubei-Nuclear,216,Nuclear,Nuclear,Hubei,60,False,False,True,False,0.0,False,.,3,300,0.1112,0.0272,.,.,False,.,1.0,False,.,.,.,.,.,.,.,2.1536819469613038,5
Hubei-CAS,219,CAS,Storage,Hubei,30,False,False,False,True,1.0,True,.,0,3000,0.0055,0.02,.,.,False,0.55,0.0,False,.,.,.,.,.,0,.,2.1536819469613038,5
Hubei-Battery,220,Battery,Storage,Hubei,12,False,False,False,True,1.0,True,.,0,3000,0.0055,0.02,.,.,False,0.88,0.0,False,.,.,.,.,.,0,.,2.1536819469613038,5
Hunan-Biomass,221,Biomass,Biomass,Hunan,35,False,True,False,True,0.2,False,13.1,5,300,0.15,0.05,.,.,False,.,0.4,False,8,8,70,0.92,3.3,0.3,.,4.456388299959502,5
Hunan-Coal,222,Coal,Coal,Hunan,40,False,True,False,True,0.2,False,7.955988900148692,5,300,0.25,0.05,.,.,False,.,0.7,False,8,8,150,0.92,2.2,0.17,.,4.456388299959502,5
Hunan-Gas,223,Gas,Gas,Hunan,20,False,False,False,True,0.7,True,6.86,2,300,0.65,0.0224,.,.,False,.,0.3,False,4,2,42,0.92,3.7,0.12,.,4.456388299959502,5
Hunan-Hydro_NonPumped,224,Hydro_NonPumped,Hydro,Hunan,80,False,False,False,True,1.0,True,.,0,300,0.094,0.051,16607.140104,.,False,.,0.3,False,.,.,.,.,.,.,.,4.456388299959502,5
Hunan-Hydro_Pumped,225,Hydro_Pumped,Hydro,Hunan,80,False,False,False,True,1.0,True,.,0,300,0.094,0.051,21620.0,.,False,0.74,0.4,True,.,.,.,.,.,.,.,4.456388299959502,5
Hunan-Solar_Distributed,226,Solar_Distributed,Solar,Hunan,25,True,False,False,True,1.0,False,.,0,3000,0.0,0.02,54821.895839407916,.,False,.,0.0,False,.,.,.,.,.,.,.,4.456388299959502,5
Hunan-Solar_Utility,227,Solar_Utility,Solar,Hunan,25,True,False,False,True,1.0,False,.,0,3000,0.0,0.02,176523.64620038788,.,False,.,0.0,False,.,.,.,.,.,.,.,4.456388299959502,5
Hunan-Wind_Onshore,228,Wind_Onshore,Wind,Hunan,25,True,False,False,True,1.0,False,.,0,3000,0.0139,0.02,65244.69887364295,.,False,.,0.0,False,.,.,.,.,.,.,.,4.456388299959502,5
Hunan-Nuclear,229,Nuclear,Nuclear,Hunan,60,False,False,True,False,0.0,False,.,3,300,0.1112,0.0272,.,.,False,.,1.0,False,.,.,.,.,.,.,.,4.456388299959502,5
Hunan-CAS,232,CAS,Storage,Hunan,30,False,False,False,True,1.0,True,.,0,3000,0.0055,0.02,.,.,False,0.55,0.0,False,.,.,.,.,.,0,.,4.456388299959502,5
Hunan-Battery,233,Battery,Storage,Hunan,12,False,False,False,True,1.0,True,.,0,3000,0.0055,0.02,.,.,False,0.88,0.0,False,.,.,.,.,.,0,.,4.456388299959502,5
Guangdong-Biomass,234,Biomass,Biomass,Guangdong,35,False,True,False,True,0.2,False,13.1,5,300,0.15,0.05,.,.,False,.,0.4,False,8,8,70,0.92,3.3,0.3,.,19.48785694576217,5
Guangdong-Coal,235,Coal,Coal,Guangdong,40,False,True,False,True,0.2,False,7.955988900148692,5,300,0.25,0.05,.,.,False,.,0.7,False,8,8,150,0.92,2.2,0.17,.,19.48785694576217,5
Guangdong-Gas,236,Gas,Gas,Guangdong,20,False,False,False,True,0.7,True,6.86,2,300,0.65,0.0224,.,.,False,.,0.3,False,4,2,42,0.92,3.7,0.12,.,19.48785694576217,5
Guangdong-Hydro_NonPumped,237,Hydro_NonPumped,Hydro,Guangdong,80,False,False,False,True,1.0,True,.,0,300,0.094,0.051,12780.463629,.,False,.,0.3,False,.,.,.,.,.,.,.,19.48785694576217,5
Guangdong-Hydro_Pumped,238,Hydro_Pumped,Hydro,Guangdong,80,False,False,False,True,1.0,True,.,0,300,0.094,0.051,34189.015845960326,.,False,0.74,0.4,True,.,.,.,.,.,.,.,19.48785694576217,5
Guangdong-Solar_Distributed,239,Solar_Distributed,Solar,Guangdong,25,True,False,False,True,1.0,False,.,0,3000,0.0,0.02,121525.50259289026,.,False,.,0.0,False,.,.,.,.,.,.,.,19.48785694576217,5
Guangdong-Solar_Utility,240,Solar_Utility,Solar,Guangdong,25,True,False,False,True,1.0,False,.,0,3000,0.0,0.02,186840.68746337047,.,False,.,0.0,False,.,.,.,.,.,.,.,19.48785694576217,5
Guangdong-Wind_Onshore,241,Wind_Onshore,Wind,Guangdong,25,True,False,False,True,1.0,False,.,0,3000,0.0139,0.02,33849.07891630545,.,False,.,0.0,False,.,.,.,.,.,.,.,19.48785694576217,5
Guangdong-Nuclear,242,Nuclear,Nuclear,Guangdong,60,False,False,True,False,0.0,False,.,3,300,0.1112,0.0272,.,.,False,.,1.0,False,.,.,.,.,.,.,.,19.48785694576217,5
Guangdong-Wind_Offshore_Near,243,Wind_Offshore,Wind,Guangdong,25,True,False,False,True,1.0,False,.,0,3000,0.0139,0.02,176665.19675979085,.,False,.,0.0,False,.,.,.,.,.,.,.,19.48785694576217,5
Guangdong-Wind_Offshore_Far,244,Wind_Offshore,Wind,Guangdong,25,True,False,False,True,1.0,False,.,0,6000,0.0139,0.02,0,.,False,.,0.0,False,.,.,.,.,.,.,.,19.48785694576217,5
Guangdong-CAS,245,CAS,Storage,Guangdong,30,False,False,False,True,1.0,True,.,0,3000,0.0055,0.02,.,.,False,0.55,0.0,False,.,.,.,.,.,0,.,19.48785694576217,5
Guangdong-Battery,246,Battery,Storage,Guangdong,12,False,False,False,True,1.0,True,.,0,3000,0.0055,0.02,.,.,False,0.88,0.0,False,.,.,.,.,.,0,.,19.48785694576217,5
Guangxi-Biomass,247,Biomass,Biomass,Guangxi,35,False,True,False,True,0.2,False,13.1,5,300,0.15,0.05,.,.,False,.,0.4,False,8,8,70,0.92,3.3,0.3,.,16.483555160246112,5
Guangxi-Coal,248,Coal,Coal,Guangxi,40,False,True,False,True,0.2,False,7.955988900148692,5,300,0.25,0.05,.,.,False,.,0.7,False,8,8,150,0.92,2.2,0.17,.,16.483555160246112,5
Guangxi-Gas,249,Gas,Gas,Guangxi,20,False,False,False,True,0.7,True,6.86,2,300,0.65,0.0224,.,.,False,.,0.3,False,4,2,42,0.92,3.7,0.12,.,16.483555160246112,5
Guangxi-Hydro_NonPumped,250,Hydro_NonPumped,Hydro,Guangxi,80,False,False,False,True,1.0,True,.,0,300,0.094,0.051,33995.899752,.,False,.,0.3,False,.,.,.,.,.,.,.,16.483555160246112,5
Guangxi-Hydro_Pumped,251,Hydro_Pumped,Hydro,Guangxi,80,False,False,False,True,1.0,True,.,0,300,0.094,0.051,17220.0,.,False,0.74,0.4,True,.,.,.,.,.,.,.,16.483555160246112,5
Guangxi-Solar_Distributed,252,Solar_Distributed,Solar,Guangxi,25,True,False,False,True,1.0,False,.,0,3000,0.0,0.02,65907.97107939293,.,False,.,0.0,False,.,.,.,.,.,.,.,16.483555160246112,5
Guangxi-Solar_Utility,253,Solar_Utility,Solar,Guangxi,25,True,False,False,True,1.0,False,.,0,3000,0.0,0.02,272516.8864767006,.,False,.,0.0,False,.,.,.,.,.,.,.,16.483555160246112,5
Guangxi-Wind_Onshore,254,Wind_Onshore,Wind,Guangxi,25,True,False,False,True,1.0,False,.,0,3000,0.0139,0.02,108158.05297122423,.,False,.,0.0,False,.,.,.,.,.,.,.,16.483555160246112,5
Guangxi-Nuclear,255,Nuclear,Nuclear,Guangxi,60,False,False,True,False,0.0,False,.,3,300,0.1112,0.0272,.,.,False,.,1.0,False,.,.,.,.,.,.,.,16.483555160246112,5
Guangxi-Wind_Offshore_Near,256,Wind_Offshore,Wind,Guangxi,25,True,False,False,True,1.0,False,.,0,3000,0.0139,0.02,49068.76436687025,.,False,.,0.0,False,.,.,.,.,.,.,.,16.483555160246112,5
Guangxi-Wind_Offshore_Far,257,Wind_Offshore,Wind,Guangxi,25,True,False,False,True,1.0,False,.,0,6000,0.0139,0.02,0,.,False,.,0.0,False,.,.,.,.,.,.,.,16.483555160246112,5
Guangxi-CAS,258,CAS,Storage,Guangxi,30,False,False,False,True,1.0,True,.,0,3000,0.0055,0.02,.,.,False,0.55,0.0,False,.,.,.,.,.,0,.,16.483555160246112,5
Guangxi-Battery,259,Battery,Storage,Guangxi,12,False,False,False,True,1.0,True,.,0,3000,0.0055,0.02,.,.,False,0.88,0.0,False,.,.,.,.,.,0,.,16.483555160246112,5
Hainan-Biomass,260,Biomass,Biomass,Hainan,35,False,True,False,True,0.2,False,13.1,5,300,0.15,0.05,.,.,False,.,0.4,False,8,8,70,0.92,3.3,0.3,.,26.86334907949693,5
Hainan-Coal,261,Coal,Coal,Hainan,40,False,True,False,True,0.2,False,7.955988900148692,5,300,0.25,0.05,.,.,False,.,0.7,False,8,8,150,0.92,2.2,0.17,.,26.86334907949693,5
Hainan-Gas,262,Gas,Gas,Hainan,20,False,False,False,True,0.7,True,6.86,2,300,0.65,0.0224,.,.,False,.,0.3,False,4,2,42,0.92,3.7,0.12,.,26.86334907949693,5
Hainan-Hydro_NonPumped,263,Hydro_NonPumped,Hydro,Hainan,80,False,False,False,True,1.0,True,.,0,300,0.094,0.051,894.49,.,False,.,0.3,False,.,.,.,.,.,.,.,26.86334907949693,5
Hainan-Hydro_Pumped,264,Hydro_Pumped,Hydro,Hainan,80,False,False,False,True,1.0,True,.,0,300,0.094,0.051,3020.0,.,False,0.74,0.4,True,.,.,.,.,.,.,.,26.86334907949693,5
Hainan-Solar_Distributed,265,Solar_Distributed,Solar,Hainan,25,True,False,False,True,1.0,False,.,0,3000,0.0,0.02,15558.028613060404,.,False,.,0.0,False,.,.,.,.,.,.,.,26.86334907949693,5
Hainan-Solar_Utility,266,Solar_Utility,Solar,Hainan,25,True,False,False,True,1.0,False,.,0,3000,0.0,0.02,88027.46196174678,.,False,.,0.0,False,.,.,.,.,.,.,.,26.86334907949693,5
Hainan-Wind_Onshore,267,Wind_Onshore,Wind,Hainan,25,True,False,False,True,1.0,False,.,0,3000,0.0139,0.02,10142.521656080688,.,False,.,0.0,False,.,.,.,.,.,.,.,26.86334907949693,5
Hainan-Nuclear,268,Nuclear,Nuclear,Hainan,60,False,False,True,False,0.0,False,.,3,300,0.1112,0.0272,.,.,False,.,1.0,False,.,.,.,.,.,.,.,26.86334907949693,5
Hainan-Wind_Offshore_Near,269,Wind_Offshore,Wind,Hainan,25,True,False,False,True,1.0,False,.,0,3000,0.0139,0.02,42724.9929175021,.,False,.,0.0,False,.,.,.,.,.,.,.,26.86334907949693,5
Hainan-Wind_Offshore_Far,270,Wind_Offshore,Wind,Hainan,25,True,False,False,True,1.0,False,.,0,6000,0.0139,0.02,0,.,False,.,0.0,False,.,.,.,.,.,.,.,26.86334907949693,5
Hainan-CAS,271,CAS,Storage,Hainan,30,False,False,False,True,1.0,True,.,0,3000,0.0055,0.02,.,.,False,0.55,0.0,False,.,.,.,.,.,0,.,26.86334907949693,5
Hainan-Battery,272,Battery,Storage,Hainan,12,False,False,False,True,1.0,True,.,0,3000,0.0055,0.02,.,.,False,0.88,0.0,False,.,.,.,.,.,0,.,26.86334907949693,5
Chongqing-Biomass,273,Biomass,Biomass,Chongqing,35,False,True,False,True,0.2,False,13.1,5,300,0.15,0.05,.,.,False,.,0.4,False,8,8,70,0.92,3.3,0.3,.,0.6753628707563023,5
Chongqing-Coal,274,Coal,Coal,Chongqing,40,False,True,False,True,0.2,False,7.955988900148692,5,300,0.25,0.05,.,.,False,.,0.7,False,8,8,150,0.92,2.2,0.17,.,0.6753628707563023,5
Chongqing-Gas,275,Gas,Gas,Chongqing,20,False,False,False,True,0.7,True,6.86,2,300,0.65,0.0224,.,.,False,.,0.3,False,4,2,42,0.92,3.7,0.12,.,0.6753628707563023,5
Chongqing-Hydro_NonPumped,276,Hydro_NonPumped,Hydro,Chongqing,80,False,False,False,True,1.0,True,.,0,300,0.094,0.051,15063.390834000002,.,False,.,0.3,False,.,.,.,.,.,.,.,0.6753628707563023,5
Chongqing-Hydro_Pumped,277,Hydro_Pumped,Hydro,Chongqing,80,False,False,False,True,1.0,True,.,0,300,0.094,0.051,5020.0,.,False,0.74,0.4,True,.,.,.,.,.,.,.,0.6753628707563023,5
Chongqing-Solar_Distributed,278,Solar_Distributed,Solar,Chongqing,25,True,False,False,True,1.0,False,.,0,3000,0.0,0.02,17343.32388198195,.,False,.,0.0,False,.,.,.,.,.,.,.,0.6753628707563023,5
Chongqing-Solar_Utility,279,Solar_Utility,Solar,Chongqing,25,True,False,False,True,1.0,False,.,0,3000,0.0,0.02,19588.518866671966,.,False,.,0.0,False,.,.,.,.,.,.,.,0.6753628707563023,5
Chongqing-Wind_Onshore,280,Wind_Onshore,Wind,Chongqing,25,True,False,False,True,1.0,False,.,0,3000,0.0139,0.02,2647.739223034525,.,False,.,0.0,False,.,.,.,.,.,.,.,0.6753628707563023,5
Chongqing-Nuclear,281,Nuclear,Nuclear,Chongqing,60,False,False,True,False,0.0,False,.,3,300,0.1112,0.0272,.,.,False,.,1.0,False,.,.,.,.,.,.,.,0.6753628707563023,5
Chongqing-CAS,284,CAS,Storage,Chongqing,30,False,False,False,True,1.0,True,.,0,3000,0.0055,0.02,.,.,False,0.55,0.0,False,.,.,.,.,.,0,.,0.6753628707563023,5
Chongqing-Battery,285,Battery,Storage,Chongqing,12,False,False,False,True,1.0,True,.,0,3000,0.0055,0.02,.,.,False,0.88,0.0,False,.,.,.,.,.,0,.,0.6753628707563023,5
Sichuan-Biomass,286,Biomass,Biomass,Sichuan,35,False,True,False,True,0.2,False,13.1,5,300,0.15,0.05,.,.,False,.,0.4,False,8,8,70,0.92,3.3,0.3,.,1.5971237397966511,5
Sichuan-Coal,287,Coal,Coal,Sichuan,40,False,True,False,True,0.2,False,7.955988900148692,5,300,0.25,0.05,.,.,False,.,0.7,False,8,8,150,0.92,2.2,0.17,.,1.5971237397966511,5
Sichuan-Gas,288,Gas,Gas,Sichuan,20,False,False,False,True,0.7,True,6.86,2,300,0.65,0.0224,.,.,False,.,0.3,False,4,2,42,0.92,3.7,0.12,.,1.5971237397966511,5
Sichuan-Hydro_NonPumped,289,Hydro_NonPumped,Hydro,Sichuan,80,False,False,False,True,1.0,True,.,0,300,0.094,0.051,164844.62504199997,.,False,.,0.3,False,.,.,.,.,.,.,.,1.5971237397966511,5
Sichuan-Hydro_Pumped,290,Hydro_Pumped,Hydro,Sichuan,80,False,False,False,True,1.0,True,.,0,300,0.094,0.051,18912.0,.,False,0.74,0.4,True,.,.,.,.,.,.,.,1.5971237397966511,5
Sichuan-Solar_Distributed,291,Solar_Distributed,Solar,Sichuan,25,True,False,False,True,1.0,False,.,0,3000,0.0,0.02,7083.995301487931,.,False,.,0.0,False,.,.,.,.,.,.,.,1.5971237397966511,5
Sichuan-Solar_Utility,292,Solar_Utility,Solar,Sichuan,25,True,False,False,True,1.0,False,.,0,3000,0.0,0.02,145803.59864175486,.,False,.,0.0,False,.,.,.,.,.,.,.,1.5971237397966511,5
Sichuan-Wind_Onshore,293,Wind_Onshore,Wind,Sichuan,25,True,False,False,True,1.0,False,.,0,3000,0.0139,0.02,31247.458316786633,.,False,.,0.0,False,.,.,.,.,.,.,.,1.5971237397966511,5
Sichuan-Nuclear,294,Nuclear,Nuclear,Sichuan,60,False,False,True,False,0.0,False,.,3,300,0.1112,0.0272,.,.,False,.,1.0,False,.,.,.,.,.,.,.,1.5971237397966511,5
Sichuan-CAS,297,CAS,Storage,Sichuan,30,False,False,False,True,1.0,True,.,0,3000,0.0055,0.02,.,.,False,0.55,0.0,False,.,.,.,.,.,0,.,1.5971237397966511,5
Sichuan-Battery,298,Battery,Storage,Sichuan,12,False,False,False,True,1.0,True,.,0,3000,0.0055,0.02,.,.,False,0.88,0.0,False,.,.,.,.,.,0,.,1.5971237397966511,5
Guizhou-Biomass,299,Biomass,Biomass,Guizhou,35,False,True,False,True,0.2,False,13.1,5,300,0.15,0.05,.,.,False,.,0.4,False,8,8,70,0.92,3.3,0.3,.,4.998291757779551,5
Guizhou-Coal,300,Coal,Coal,Guizhou,40,False,True,False,True,0.2,False,7.955988900148692,5,300,0.25,0.05,.,.,False,.,0.7,False,8,8,150,0.92,2.2,0.17,.,4.998291757779551,5
Guizhou-Gas,301,Gas,Gas,Guizhou,20,False,False,False,True,0.7,True,6.86,2,300,0.65,0.0224,.,.,False,.,0.3,False,4,2,42,0.92,3.7,0.12,.,4.998291757779551,5
Guizhou-Hydro_NonPumped,302,Hydro_NonPumped,Hydro,Guizhou,80,False,False,False,True,1.0,True,.,0,300,0.094,0.051,28193.991606000003,.,False,.,0.3,False,.,.,.,.,.,.,.,4.998291757779551,5
Guizhou-Hydro_Pumped,303,Hydro_Pumped,Hydro,Guizhou,80,False,False,False,True,1.0,True,.,0,300,0.094,0.051,13870.0,.,False,0.74,0.4,True,.,.,.,.,.,.,.,4.998291757779551,5
Guizhou-Solar_Distributed,304,Solar_Distributed,Solar,Guizhou,25,True,False,False,True,1.0,False,.,0,3000,0.0,0.02,9638.818565116875,.,False,.,0.0,False,.,.,.,.,.,.,.,4.998291757779551,5
Guizhou-Solar_Utility,305,Solar_Utility,Solar,Guizhou,25,True,False,False,True,1.0,False,.,0,3000,0.0,0.02,105447.04924723465,.,False,.,0.0,False,.,.,.,.,.,.,.,4.998291757779551,5
Guizhou-Wind_Onshore,306,Wind_Onshore,Wind,Guizhou,25,True,False,False,True,1.0,False,.,0,3000,0.0139,0.02,42478.37079587065,.,False,.,0.0,False,.,.,.,.,.,.,.,4.998291757779551,5
Guizhou-Nuclear,307,Nuclear,Nuclear,Guizhou,60,False,False,True,False,0.0,False,.,3,300,0.1112,0.0272,.,.,False,.,1.0,False,.,.,.,.,.,.,.,4.998291757779551,5
Guizhou-CAS,310,CAS,Storage,Guizhou,30,False,False,False,True,1.0,True,.,0,3000,0.0055,0.02,.,.,False,0.55,0.0,False,.,.,.,.,.,0,.,4.998291757779551,5
Guizhou-Battery,311,Battery,Storage,Guizhou,12,False,False,False,True,1.0,True,.,0,3000,0.0055,0.02,.,.,False,0.88,0.0,False,.,.,.,.,.,0,.,4.998291757779551,5
Yunnan-Biomass,312,Biomass,Biomass,Yunnan,35,False,True,False,True,0.2,False,13.1,5,300,0.15,0.05,.,.,False,.,0.4,False,8,8,70,0.92,3.3,0.3,.,9.488138285628835,5
Yunnan-Coal,313,Coal,Coal,Yunnan,40,False,True,False,True,0.2,False,7.955988900148692,5,300,0.25,0.05,.,.,False,.,0.7,False,8,8,150,0.92,2.2,0.17,.,9.488138285628835,5
Yunnan-Gas,314,Gas,Gas,Yunnan,20,False,False,False,True,0.7,True,6.86,2,300,0.65,0.0224,.,.,False,.,0.3,False,4,2,42,0.92,3.7,0.12,.,9.488138285628835,5
Yunnan-Hydro_NonPumped,315,Hydro_NonPumped,Hydro,Yunnan,80,False,False,False,True,1.0,True,.,0,300,0.094,0.051,131186.189392,.,False,.,0.3,False,.,.,.,.,.,.,.,9.488138285628835,5
Yunnan-Hydro_Pumped,316,Hydro_Pumped,Hydro,Yunnan,80,False,False,False,True,1.0,True,.,0,300,0.094,0.051,13320.0,.,False,0.74,0.4,True,.,.,.,.,.,.,.,9.488138285628835,5
Yunnan-Solar_Distributed,317,Solar_Distributed,Solar,Yunnan,25,True,False,False,True,1.0,False,.,0,3000,0.0,0.02,22431.861568796725,.,False,.,0.0,False,.,.,.,.,.,.,.,9.488138285628835,5
Yunnan-Solar_Utility,318,Solar_Utility,Solar,Yunnan,25,True,False,False,True,1.0,False,.,0,3000,0.0,0.02,133739.62222904546,.,False,.,0.0,False,.,.,.,.,.,.,.,9.488138285628835,5
Yunnan-Wind_Onshore,319,Wind_Onshore,Wind,Yunnan,25,True,False,False,True,1.0,False,.,0,3000,0.0139,0.02,51528.630404743424,.,False,.,0.0,False,.,.,.,.,.,.,.,9.488138285628835,5
Yunnan-Nuclear,320,Nuclear,Nuclear,Yunnan,60,False,False,True,False,0.0,False,.,3,300,0.1112,0.0272,.,.,False,.,1.0,False,.,.,.,.,.,.,.,9.488138285628835,5
Yunnan-CAS,323,CAS,Storage,Yunnan,30,False,False,False,True,1.0,True,.,0,3000,0.0055,0.02,.,.,False,0.55,0.0,False,.,.,.,.,.,0,.,9.488138285628835,5
Yunnan-Battery,324,Battery,Storage,Yunnan,12,False,False,False,True,1.0,True,.,0,3000,0.0055,0.02,.,.,False,0.88,0.0,False,.,.,.,.,.,0,.,9.488138285628835,5
Tibet-Biomass,325,Biomass,Biomass,Tibet,35,False,True,False,True,0.2,False,13.1,5,300,0.15,0.05,.,.,False,.,0.4,False,8,8,70,0.92,3.3,0.3,.,5.0,5
Tibet-Coal,326,Coal,Coal,Tibet,40,False,True,False,True,0.2,False,7.955988900148692,5,300,0.25,0.05,.,.,False,.,0.7,False,8,8,150,0.92,2.2,0.17,.,5.0,5
Tibet-Gas,327,Gas,Gas,Tibet,20,False,False,False,True,0.7,True,6.86,2,300,0.65,0.0224,.,.,False,.,0.3,False,4,2,42,0.92,3.7,0.12,.,5.0,5
Tibet-Hydro_NonPumped,328,Hydro_NonPumped,Hydro,Tibet,80,False,False,False,True,1.0,True,.,0,300,0.094,0.051,201611.57337999984,.,False,.,0.3,False,.,.,.,.,.,.,.,5.0,5
Tibet-Hydro_Pumped,329,Hydro_Pumped,Hydro,Tibet,80,False,False,False,True,1.0,True,.,0,300,0.094,0.051,110.0,.,False,0.74,0.4,True,.,.,.,.,.,.,.,5.0,5
Tibet-Solar_Distributed,330,Solar_Distributed,Solar,Tibet,25,True,False,False,True,1.0,False,.,0,3000,0.0,0.02,2824.2959995445813,.,False,.,0.0,False,.,.,.,.,.,.,.,5.0,5
Tibet-Solar_Utility,331,Solar_Utility,Solar,Tibet,25,True,False,False,True,1.0,False,.,0,3000,0.0,0.02,3892411.5444216663,.,False,.,0.0,False,.,.,.,.,.,.,.,5.0,5
Tibet-Wind_Onshore,332,Wind_Onshore,Wind,Tibet,25,True,False,False,True,1.0,False,.,0,3000,0.0139,0.02,122838.62542399063,.,False,.,0.0,False,.,.,.,.,.,.,.,5.0,5
Tibet-Nuclear,333,Nuclear,Nuclear,Tibet,60,False,False,True,False,0.0,False,.,3,300,0.1112,0.0272,.,.,False,.,1.0,False,.,.,.,.,.,.,.,5.0,5
Tibet-CAS,336,CAS,Storage,Tibet,30,False,False,False,True,1.0,True,.,0,3000,0.0055,0.02,.,.,False,0.55,0.0,False,.,.,.,.,.,0,.,5.0,5
Tibet-Battery,337,Battery,Storage,Tibet,12,False,False,False,True,1.0,True,.,0,3000,0.0055,0.02,.,.,False,0.88,0.0,False,.,.,.,.,.,0,.,5.0,5
Shaanxi-Biomass,338,Biomass,Biomass,Shaanxi,35,False,True,False,True,0.2,False,13.1,5,300,0.15,0.05,.,.,False,.,0.4,False,8,8,70,0.92,3.3,0.3,.,0.7164463528452768,5
Shaanxi-Coal,339,Coal,Coal,Shaanxi,40,False,True,False,True,0.2,False,7.955988900148692,5,300,0.25,0.05,.,.,False,.,0.7,False,8,8,150,0.92,2.2,0.17,.,0.7164463528452768,5
Shaanxi-Gas,340,Gas,Gas,Shaanxi,20,False,False,False,True,0.7,True,6.86,2,300,0.65,0.0224,.,.,False,.,0.3,False,4,2,42,0.92,3.7,0.12,.,0.7164463528452768,5
Shaanxi-Hydro_NonPumped,341,Hydro_NonPumped,Hydro,Shaanxi,80,False,False,False,True,1.0,True,.,0,300,0.094,0.051,6862.679214,.,False,.,0.3,False,.,.,.,.,.,.,.,0.7164463528452768,5
Shaanxi-Hydro_Pumped,342,Hydro_Pumped,Hydro,Shaanxi,80,False,False,False,True,1.0,True,.,0,300,0.094,0.051,13840.0,.,False,0.74,0.4,True,.,.,.,.,.,.,.,0.7164463528452768,5
Shaanxi-Solar_Distributed,343,Solar_Distributed,Solar,Shaanxi,25,True,False,False,True,1.0,False,.,0,3000,0.0,0.02,25696.249408462016,.,False,.,0.0,False,.,.,.,.,.,.,.,0.7164463528452768,5
Shaanxi-Solar_Utility,344,Solar_Utility,Solar,Shaanxi,25,True,False,False,True,1.0,False,.,0,3000,0.0,0.02,184082.9799967177,.,False,.,0.0,False,.,.,.,.,.,.,.,0.7164463528452768,5
Shaanxi-Wind_Onshore,345,Wind_Onshore,Wind,Shaanxi,25,True,False,False,True,1.0,False,.,0,3000,0.0139,0.02,10884.422044026544,.,False,.,0.0,False,.,.,.,.,.,.,.,0.7164463528452768,5
Shaanxi-Nuclear,346,Nuclear,Nuclear,Shaanxi,60,False,False,True,False,0.0,False,.,3,300,0.1112,0.0272,.,.,False,.,1.0,False,.,.,.,.,.,.,.,0.7164463528452768,5
Shaanxi-CAS,349,CAS,Storage,Shaanxi,30,False,False,False,True,1.0,True,.,0,3000,0.0055,0.02,.,.,False,0.55,0.0,False,.,.,.,.,.,0,.,0.7164463528452768,5
Shaanxi-Battery,350,Battery,Storage,Shaanxi,12,False,False,False,True,1.0,True,.,0,3000,0.0055,0.02,.,.,False,0.88,0.0,False,.,.,.,.,.,0,.,0.7164463528452768,5
Gansu-Biomass,351,Biomass,Biomass,Gansu,35,False,True,False,True,0.2,False,13.1,5,300,0.15,0.05,.,.,False,.,0.4,False,8,8,70,0.92,3.3,0.3,.,3.082355410446047,5
Gansu-Coal,352,Coal,Coal,Gansu,40,False,True,False,True,0.2,False,7.955988900148692,5,300,0.25,0.05,.,.,False,.,0.7,False,8,8,150,0.92,2.2,0.17,.,3.082355410446047,5
Gansu-Gas,353,Gas,Gas,Gansu,20,False,False,False,True,0.7,True,6.86,2,300,0.65,0.0224,.,.,False,.,0.3,False,4,2,42,0.92,3.7,0.12,.,3.082355410446047,5
Gansu-Hydro_NonPumped,354,Hydro_NonPumped,Hydro,Gansu,80,False,False,False,True,1.0,True,.,0,300,0.094,0.051,16995.003989,.,False,.,0.3,False,.,.,.,.,.,.,.,3.082355410446047,5
Gansu-Hydro_Pumped,355,Hydro_Pumped,Hydro,Gansu,80,False,False,False,True,1.0,True,.,0,300,0.094,0.051,18370.0,.,False,0.74,0.4,True,.,.,.,.,.,.,.,3.082355410446047,5
Gansu-Solar_Distributed,356,Solar_Distributed,Solar,Gansu,25,True,False,False,True,1.0,False,.,0,3000,0.0,0.02,12033.864648925743,.,False,.,0.0,False,.,.,.,.,.,.,.,3.082355410446047,5
Gansu-Solar_Utility,357,Solar_Utility,Solar,Gansu,25,True,False,False,True,1.0,False,.,0,3000,0.0,0.02,2400000.266246591,.,False,.,0.0,False,.,.,.,.,.,.,.,3.082355410446047,5
Gansu-Wind_Onshore,358,Wind_Onshore,Wind,Gansu,25,True,False,False,True,1.0,False,.,0,3000,0.0139,0.02,159233.15716344683,.,False,.,0.0,False,.,.,.,.,.,.,.,3.082355410446047,5
Gansu-Nuclear,359,Nuclear,Nuclear,Gansu,60,False,False,True,False,0.0,False,.,3,300,0.1112,0.0272,.,.,False,.,1.0,False,.,.,.,.,.,.,.,3.082355410446047,5
Gansu-CAS,362,CAS,Storage,Gansu,30,False,False,False,True,1.0,True,.,0,3000,0.0055,0.02,.,.,False,0.55,0.0,False,.,.,.,.,.,0,.,3.082355410446047,5
Gansu-Battery,363,Battery,Storage,Gansu,12,False,False,False,True,1.0,True,.,0,3000,0.0055,0.02,.,.,False,0.88,0.0,False,.,.,.,.,.,0,.,3.082355410446047,5
Qinghai-Biomass,364,Biomass,Biomass,Qinghai,35,False,True,False,True,0.2,False,13.1,5,300,0.15,0.05,.,.,False,.,0.4,False,8,8,70,0.92,3.3,0.3,.,5.313424097082293,5
Qinghai-Coal,365,Coal,Coal,Qinghai,40,False,True,False,True,0.2,False,7.955988900148692,5,300,0.25,0.05,.,.,False,.,0.7,False,8,8,150,0.92,2.2,0.17,.,5.313424097082293,5
Qinghai-Gas,366,Gas,Gas,Qinghai,20,False,False,False,True,0.7,True,6.86,2,300,0.65,0.0224,.,.,False,.,0.3,False,4,2,42,0.92,3.7,0.12,.,5.313424097082293,5
Qinghai-Hydro_NonPumped,367,Hydro_NonPumped,Hydro,Qinghai,80,False,False,False,True,1.0,True,.,0,300,0.094,0.051,61481.14620200002,.,False,.,0.3,False,.,.,.,.,.,.,.,5.313424097082293,5
Qinghai-Hydro_Pumped,368,Hydro_Pumped,Hydro,Qinghai,80,False,False,False,True,1.0,True,.,0,300,0.094,0.051,5820.0,.,False,0.74,0.4,True,.,.,.,.,.,.,.,5.313424097082293,5
Qinghai-Solar_Distributed,369,Solar_Distributed,Solar,Qinghai,25,True,False,False,True,1.0,False,.,0,3000,0.0,0.02,12884.271859664288,.,False,.,0.0,False,.,.,.,.,.,.,.,5.313424097082293,5
Qinghai-Solar_Utility,370,Solar_Utility,Solar,Qinghai,25,True,False,False,True,1.0,False,.,0,3000,0.0,0.02,6793103.40749335,.,False,.,0.0,False,.,.,.,.,.,.,.,5.313424097082293,5
Qinghai-Wind_Onshore,371,Wind_Onshore,Wind,Qinghai,25,True,False,False,True,1.0,False,.,0,3000,0.0139,0.02,71806.58436584228,.,False,.,0.0,False,.,.,.,.,.,.,.,5.313424097082293,5
Qinghai-Nuclear,372,Nuclear,Nuclear,Qinghai,60,False,False,True,False,0.0,False,.,3,300,0.1112,0.0272,.,.,False,.,1.0,False,.,.,.,.,.,.,.,5.313424097082293,5
Qinghai-CAS,375,CAS,Storage,Qinghai,30,False,False,False,True,1.0,True,.,0,3000,0.0055,0.02,.,.,False,0.55,0.0,False,.,.,.,.,.,0,.,5.313424097082293,5
Qinghai-Battery,376,Battery,Storage,Qinghai,12,False,False,False,True,1.0,True,.,0,3000,0.0055,0.02,.,.,False,0.88,0.0,False,.,.,.,.,.,0,.,5.313424097082293,5
Ningxia-Biomass,377,Biomass,Biomass,Ningxia,35,False,True,False,True,0.2,False,13.1,5,300,0.15,0.05,.,.,False,.,0.4,False,8,8,70,0.92,3.3,0.3,.,0.8042019536420898,5
Ningxia-Coal,378,Coal,Coal,Ningxia,40,False,True,False,True,0.2,False,7.955988900148692,5,300,0.25,0.05,.,.,False,.,0.7,False,8,8,150,0.92,2.2,0.17,.,0.8042019536420898,5
Ningxia-Gas,379,Gas,Gas,Ningxia,20,False,False,False,True,0.7,True,6.86,2,300,0.65,0.0224,.,.,False,.,0.3,False,4,2,42,0.92,3.7,0.12,.,0.8042019536420898,5
Ningxia-Hydro_NonPumped,380,Hydro_NonPumped,Hydro,Ningxia,80,False,False,False,True,1.0,True,.,0,300,0.094,0.051,2560.9875939999997,.,False,.,0.3,False,.,.,.,.,.,.,.,0.8042019536420898,5
Ningxia-Hydro_Pumped,381,Hydro_Pumped,Hydro,Ningxia,80,False,False,False,True,1.0,True,.,0,300,0.094,0.051,20.0,.,False,0.74,0.4,True,.,.,.,.,.,.,.,0.8042019536420898,5
Ningxia-Solar_Distributed,382,Solar_Distributed,Solar,Ningxia,25,True,False,False,True,1.0,False,.,0,3000,0.0,0.02,17710.187264918666,.,False,.,0.0,False,.,.,.,.,.,.,.,0.8042019536420898,5
Ningxia-Solar_Utility,383,Solar_Utility,Solar,Ningxia,25,True,False,False,True,1.0,False,.,0,3000,0.0,0.02,537283.096008472,.,False,.,0.0,False,.,.,.,.,.,.,.,0.8042019536420898,5
Ningxia-Wind_Onshore,384,Wind_Onshore,Wind,Ningxia,25,True,False,False,True,1.0,False,.,0,3000,0.0139,0.02,39626.89382896134,.,False,.,0.0,False,.,.,.,.,.,.,.,0.8042019536420898,5
Ningxia-Nuclear,385,Nuclear,Nuclear,Ningxia,60,False,False,True,False,0.0,False,.,3,300,0.1112,0.0272,.,.,False,.,1.0,False,.,.,.,.,.,.,.,0.8042019536420898,5
Ningxia-CAS,388,CAS,Storage,Ningxia,30,False,False,False,True,1.0,True,.,0,3000,0.0055,0.02,.,.,False,0.55,0.0,False,.,.,.,.,.,0,.,0.8042019536420898,5
Ningxia-Battery,389,Battery,Storage,Ningxia,12,False,False,False,True,1.0,True,.,0,3000,0.0055,0.02,.,.,False,0.88,0.0,False,.,.,.,.,.,0,.,0.8042019536420898,5
Xinjiang-Biomass,390,Biomass,Biomass,Xinjiang,35,False,True,False,True,0.2,False,13.1,5,300,0.15,0.05,.,.,False,.,0.4,False,8,8,70,0.92,3.3,0.3,.,0.9148437708890106,5
Xinjiang-Coal,391,Coal,Coal,Xinjiang,40,False,True,False,True,0.2,False,7.955988900148692,5,300,0.25,0.05,.,.,False,.,0.7,False,8,8,150,0.92,2.2,0.17,.,0.9148437708890106,5
Xinjiang-Gas,392,Gas,Gas,Xinjiang,20,False,False,False,True,0.7,True,6.86,2,300,0.65,0.0224,.,.,False,.,0.3,False,4,2,42,0.92,3.7,0.12,.,0.9148437708890106,5
Xinjiang-Hydro_NonPumped,393,Hydro_NonPumped,Hydro,Xinjiang,80,False,False,False,True,1.0,True,.,0,300,0.094,0.051,24406.423569,.,False,.,0.3,False,.,.,.,.,.,.,.,0.9148437708890106,5
Xinjiang-Hydro_Pumped,394,Hydro_Pumped,Hydro,Xinjiang,80,False,False,False,True,1.0,True,.,0,300,0.094,0.051,16220.0,.,False,0.74,0.4,True,.,.,.,.,.,.,.,0.9148437708890106,5
Xinjiang-Solar_Distributed,395,Solar_Distributed,Solar,Xinjiang,25,True,False,False,True,1.0,False,.,0,3000,0.0,0.02,25617.12777661226,.,False,.,0.0,False,.,.,.,.,.,.,.,0.9148437708890106,5
Xinjiang-Solar_Utility,396,Solar_Utility,Solar,Xinjiang,25,True,False,False,True,1.0,False,.,0,3000,0.0,0.02,5693534.645536302,.,False,.,0.0,False,.,.,.,.,.,.,.,0.9148437708890106,5
Xinjiang-Wind_Onshore,397,Wind_Onshore,Wind,Xinjiang,25,True,False,False,True,1.0,False,.,0,3000,0.0139,0.02,565126.5065846366,.,False,.,0.0,False,.,.,.,.,.,.,.,0.9148437708890106,5
Xinjiang-Nuclear,398,Nuclear,Nuclear,Xinjiang,60,False,False,True,False,0.0,False,.,3,300,0.1112,0.0272,.,.,False,.,1.0,False,.,.,.,.,.,.,.,0.9148437708890106,5
Xinjiang-CAS,401,CAS,Storage,Xinjiang,30,False,False,False,True,1.0,True,.,0,3000,0.0055,0.02,.,.,False,0.55,0.0,False,.,.,.,.,.,0,.,0.9148437708890106,5
Xinjiang-Battery,402,Battery,Storage,Xinjiang,12,False,False,False,True,1.0,True,.,0,3000,0.0055,0.02,.,.,False,0.88,0.0,False,.,.,.,.,.,0,.,0.9148437708890106,5
Shanghai-Biomass,403,Biomass,Biomass,Shanghai,35,False,True,False,True,0.2,False,13.1,5,300,0.15,0.05,.,.,False,.,0.4,False,8,8,70,0.92,3.3,0.3,.,6.727549411293626,5
Shanghai-Coal,404,Coal,Coal,Shanghai,40,False,True,False,True,0.2,False,7.955988900148692,5,300,0.25,0.05,.,.,False,.,0.7,False,8,8,150,0.92,2.2,0.17,.,6.727549411293626,5
Shanghai-Gas,405,Gas,Gas,Shanghai,20,False,False,False,True,0.7,True,6.86,2,300,0.65,0.0224,.,.,False,.,0.3,False,4,2,42,0.92,3.7,0.12,.,6.727549411293626,5
Shanghai-Solar_Distributed,408,Solar_Distributed,Solar,Shanghai,25,True,False,False,True,1.0,False,.,0,3000,0.0,0.02,22364.367999511254,.,False,.,0.0,False,.,.,.,.,.,.,.,6.727549411293626,5
Shanghai-Solar_Utility,409,Solar_Utility,Solar,Shanghai,25,True,False,False,True,1.0,False,.,0,3000,0.0,0.02,1107.3392939649466,.,False,.,0.0,False,.,.,.,.,.,.,.,6.727549411293626,5
Shanghai-Wind_Onshore,410,Wind_Onshore,Wind,Shanghai,25,True,False,False,True,1.0,False,.,0,3000,0.0139,0.02,610.0,.,False,.,0.0,False,.,.,.,.,.,.,.,6.727549411293626,5
Shanghai-Nuclear,411,Nuclear,Nuclear,Shanghai,60,False,False,True,False,0.0,False,.,3,300,0.1112,0.0272,.,.,False,.,1.0,False,.,.,.,.,.,.,.,6.727549411293626,5
Shanghai-Wind_Offshore_Near,412,Wind_Offshore,Wind,Shanghai,25,True,False,False,True,1.0,False,.,0,3000,0.0139,0.02,28954.837086435622,.,False,.,0.0,False,.,.,.,.,.,.,.,6.727549411293626,5
Shanghai-Wind_Offshore_Far,413,Wind_Offshore,Wind,Shanghai,25,True,False,False,True,1.0,False,.,0,6000,0.0139,0.02,0,.,False,.,0.0,False,.,.,.,.,.,.,.,6.727549411293626,5
Shanghai-CAS,414,CAS,Storage,Shanghai,30,False,False,False,True,1.0,True,.,0,3000,0.0055,0.02,.,.,False,0.55,0.0,False,.,.,.,.,.,0,.,6.727549411293626,5
Shanghai-Battery,415,Battery,Storage,Shanghai,12,False,False,False,True,1.0,True,.,0,3000,0.0055,0.02,.,.,False,0.88,0.0,False,.,.,.,.,.,0,.,6.727549411293626,5
